MAE,MSE
0.7759677275488951,0.8383477439949886
